"LLEGADA","DISTRITO.LOCAL","MUNICIPIO","SECCION","CASILLA","PAN","PRI","PRD","PVEM","PT","PANAL","MORENA","HUMANISTA","ENCUENTRO.SOCIAL","PRI.PVEM.PANAL","PRI.PVEM","PRI.PANAL","PVEM.PANAL","COALICION","CANDIDATO.NO.REGISTRADO","VOTOS.NULOS","TOTAL.VOTOS.VALIDOS","VOTACION.TOTAL.EMITIDA"
222,"AGUA PRIETA VII  ","AGUA PRIETA",20,"CONTIGUA 5",198,94,6,0,5,0,5,0,1,0,0,0,0,94,0,2,309,311
327,"AGUA PRIETA VII  ","AGUA PRIETA",26,"CONTIGUA 2",199,83,4,1,6,29,1,3,2,11,1,5,1,131,1,13,346,360
224,"AGUA PRIETA VII  ","NACOZARI DE GARCIA",158,"BASICA",19,25,9,3,2,3,11,0,3,0,0,0,0,31,0,0,75,75
59,"AGUA PRIETA VII  ","AGUA PRIETA",3,"BASICA",207,78,4,2,5,21,0,2,1,7,1,3,0,112,0,9,331,340
309,"AGUA PRIETA VII  ","AGUA PRIETA",30,"BASICA",53,57,0,3,0,29,0,0,0,4,1,8,0,102,0,1,155,156
285,"AGUA PRIETA VII  ","AGUA PRIETA",8,"CONTIGUA 2",190,71,9,2,7,21,5,0,0,2,0,11,0,107,1,3,318,322
253,"AGUA PRIETA VII  ","CUMPAS",94,"BASICA",133,158,36,2,1,65,0,2,2,3,0,0,0,228,0,7,402,409
300,"AGUA PRIETA VII  ","AGUA PRIETA",10,"CONTIGUA 2",205,68,4,4,4,16,5,0,0,10,0,5,0,103,0,8,321,329
9,"AGUA PRIETA VII  ","VILLA HIDALGO",288,"BASICA",64,90,29,2,1,3,2,1,0,0,0,0,0,95,0,9,192,201
18,"AGUA PRIETA VII  ","CUMPAS",95,"BASICA",11,69,2,1,1,24,0,0,0,0,0,3,0,97,0,0,111,111
131,"AGUA PRIETA VII  ","AGUA PRIETA",16,"BASICA",232,73,2,0,4,37,0,2,2,11,0,8,0,129,0,7,371,378
84,"AGUA PRIETA VII  ","AGUA PRIETA",22,"CONTIGUA 7",170,79,4,6,5,18,6,0,0,2,2,4,0,111,0,5,296,301
229,"AGUA PRIETA VII  ","AGUA PRIETA",24,"CONTIGUA 8",194,54,4,3,8,23,3,3,2,8,1,7,0,96,0,4,310,314
336,"AGUA PRIETA VII  ","NACOZARI DE GARCIA",153,"CONTIGUA 1",100,116,20,1,1,3,3,0,1,5,1,3,0,129,0,6,254,260
218,"AGUA PRIETA VII  ","FRONTERAS",104,"CONTIGUA 2",99,181,1,11,24,0,0,0,1,10,7,0,0,209,0,2,334,336
328,"AGUA PRIETA VII  ","MOCTEZUMA",141,"BASICA",51,47,0,1,1,3,1,0,1,8,3,0,0,62,0,0,116,116
232,"AGUA PRIETA VII  ","BAVISPE",64,"CONTIGUA 1",182,118,0,0,0,0,2,0,0,4,0,3,0,125,0,2,309,311
362,"CABORCA III  ","CABORCA",308,"CONTIGUA 2",122,127,8,7,14,2,29,2,3,0,2,0,0,138,0,3,316,319
347,"CABORCA III  ","CABORCA",303,"CONTIGUA 1",94,117,2,3,2,2,12,2,1,0,0,0,0,122,0,4,235,239
213,"CABORCA III  ","CABORCA",316,"BASICA",126,157,7,4,7,1,24,0,9,0,0,0,0,162,0,10,335,345
358,"CABORCA III  ","CABORCA",298,"CONTIGUA 1",130,155,4,1,11,6,25,1,5,4,1,0,0,167,0,13,343,356
341,"CABORCA III  ","CABORCA",301,"BASICA",83,126,4,2,6,4,12,2,3,0,1,1,0,134,0,3,244,247
109,"CABORCA III  ","CABORCA",305,"BASICA",135,166,6,5,19,16,14,0,6,0,1,0,0,188,0,8,368,376
181,"CABORCA III  ","SANTA ANA",256,"CONTIGUA 1",155,182,2,0,3,6,2,1,0,0,2,0,0,190,0,1,353,354
73,"CABORCA III  ","BENJAMIN HILL",66,"CONTIGUA 1",145,133,3,1,11,4,4,2,14,4,1,1,0,144,0,5,323,328
270,"CABORCA III  ","CABORCA",310,"BASICA",153,171,1,1,5,5,18,2,3,2,1,1,0,181,0,7,363,370
262,"CABORCA III  ","SANTA ANA",255,"CONTIGUA 1",213,158,6,2,7,1,4,2,2,0,3,0,0,164,0,7,398,405
238,"CABORCA III  ","CABORCA",293,"BASICA",127,154,4,0,14,0,16,1,4,0,0,0,0,154,0,7,320,327
92,"CABORCA III  ","BENJAMIN HILL",68,"CONTIGUA 1",181,120,3,4,10,7,3,0,6,0,4,0,0,135,0,8,338,346
88,"CABORCA III  ","CABORCA",314,"CONTIGUA 2",145,202,5,3,9,6,22,2,6,2,0,0,0,213,0,9,402,411
225,"CABORCA III  ","CABORCA",311,"BASICA",142,149,4,1,3,10,20,2,5,7,0,0,0,167,0,9,343,352
199,"CABORCA III  ","CABORCA",314,"CONTIGUA 1",148,179,6,3,8,10,28,3,6,0,0,0,0,192,0,1,391,392
273,"CABORCA III  ","CABORCA",317,"CONTIGUA 1",143,176,3,0,6,0,30,1,8,0,0,0,0,176,0,6,367,373
234,"CABORCA III  ","CABORCA",328,"EXTRAORDINARIA 1",45,81,0,1,3,1,1,1,1,1,1,0,0,85,0,0,136,136
157,"CANANEA VI   ","CARBO",329,"CONTIGUA 1",191,92,3,1,43,36,3,2,2,5,2,3,0,139,0,12,383,395
283,"CANANEA VI   ","CANANEA",82,"CONTIGUA 2",98,124,6,4,2,8,4,1,3,2,1,2,0,141,0,5,255,260
130,"CANANEA VI   ","CANANEA",73,"BASICA",97,124,19,3,8,9,4,1,0,6,0,0,0,142,0,6,271,277
313,"CANANEA VI   ","MAGDALENA",129,"BASICA",89,204,14,3,1,3,3,1,1,7,2,12,0,231,0,13,340,353
267,"CANANEA VI   ","MAGDALENA",133,"CONTIGUA 2",80,218,7,4,1,3,2,0,0,0,0,0,0,225,0,6,315,321
51,"CANANEA VI   ","URES",748,"CONTIGUA 1",213,138,22,0,0,23,8,3,3,16,5,3,0,185,0,20,434,454
268,"CANANEA VI   ","MAGDALENA",123,"BASICA",81,215,13,2,3,7,2,2,1,9,2,10,0,245,0,11,347,358
330,"CANANEA VI   ","OPODEPE",623,"BASICA",26,58,0,0,0,0,0,1,4,1,4,3,0,66,0,11,97,108
156,"CANANEA VI   ","MAGDALENA",130,"CONTIGUA 3",95,199,18,2,0,11,3,3,0,19,0,0,0,231,0,4,350,354
257,"CANANEA VI   ","URES",749,"CONTIGUA 1",194,68,33,2,4,28,3,0,4,4,0,2,0,104,0,8,342,350
68,"CANANEA VI   ","MAGDALENA",128,"CONTIGUA 1",62,152,2,5,2,5,5,2,2,12,1,2,0,177,0,11,252,263
32,"CANANEA VI   ","SAN MIGUEL DE HORCASITAS",746,"CONTIGUA 1",182,133,25,5,8,3,19,3,3,8,3,4,0,156,0,45,396,441
306,"CANANEA VI   ","CANANEA",72,"CONTIGUA 1",151,170,22,1,4,5,9,2,1,2,7,4,0,189,0,12,378,390
315,"CANANEA VI   ","URES",750,"CONTIGUA 1",220,108,63,3,3,34,0,2,4,8,2,3,0,158,0,18,450,468
334,"CANANEA VI   ","ARIZPE",42,"BASICA",199,164,27,0,2,3,1,0,0,11,5,10,0,193,0,5,422,427
133,"CANANEA VI   ","ARIZPE",45,"BASICA",62,79,15,2,0,2,0,0,0,5,0,4,2,94,0,4,171,175
210,"CANANEA VI   ","URES",747,"BASICA",228,129,58,3,1,24,1,0,0,14,2,5,0,177,0,18,465,483
169,"EMPALME XIV  ","SAN IGNACIO RIO MUERTO",1105,"BASICA",120,213,29,31,4,2,2,5,1,0,0,0,0,246,1,12,407,420
179,"EMPALME XIV  ","BACUM",762,"CONTIGUA 1",41,138,77,3,2,1,4,0,16,0,0,0,0,142,0,8,282,290
42,"EMPALME XIV  ","GUAYMAS",1097,"BASICA",74,173,20,7,6,7,11,0,0,0,1,0,0,188,0,14,299,313
200,"EMPALME XIV  ","EMPALME",1002,"CONTIGUA 1",87,77,22,8,7,4,6,2,1,0,2,1,0,92,0,6,217,223
211,"EMPALME XIV  ","BACUM",767,"BASICA",63,229,123,14,2,2,9,0,0,1,0,1,0,247,0,4,444,448
140,"EMPALME XIV  ","EMPALME",993,"CONTIGUA 1",98,68,25,10,5,0,3,2,0,0,2,0,0,80,0,2,213,215
14,"EMPALME XIV  ","BACUM",760,"CONTIGUA 2",156,168,25,0,4,0,0,1,1,0,0,0,0,168,0,7,355,362
249,"EMPALME XIV  ","GUAYMAS",1098,"CONTIGUA 1",83,104,15,5,7,9,14,0,14,0,0,0,0,118,0,0,251,251
10,"EMPALME XIV  ","SAN IGNACIO RIO MUERTO",1102,"CONTIGUA 1",128,192,28,24,1,4,7,4,0,0,2,0,0,222,0,10,390,400
370,"EMPALME XIV  ","GUAYMAS",1092,"BASICA",82,149,11,10,12,8,7,1,3,2,8,1,0,178,1,5,294,300
244,"EMPALME XIV  ","BACUM",766,"BASICA",67,200,24,4,4,3,5,1,3,0,0,0,0,207,0,0,311,311
159,"EMPALME XIV  ","BACUM",767,"CONTIGUA 1",70,197,140,5,4,0,17,0,0,0,0,0,0,202,0,13,433,446
294,"EMPALME XIV  ","EMPALME",1007,"CONTIGUA 1",130,126,15,1,6,5,6,4,1,1,0,0,0,133,0,4,295,299
286,"EMPALME XIV  ","BACUM",771,"CONTIGUA 1",88,194,97,6,5,4,13,0,0,0,0,1,1,206,0,16,409,425
183,"EMPALME XIV  ","EMPALME",996,"CONTIGUA 1",139,143,27,12,4,2,4,2,2,0,2,0,0,159,0,10,337,347
314,"ETCHOJOA XX   ","NAVOJOA",1291,"CONTIGUA 1",138,158,7,0,3,9,2,0,3,0,1,2,0,170,0,11,323,334
303,"ETCHOJOA XX   ","NAVOJOA",1243,"CONTIGUA 2",161,132,8,1,5,5,2,1,7,0,0,1,0,139,1,4,323,328
161,"ETCHOJOA XX   ","ETCHOJOA",1169,"BASICA",138,201,47,0,3,6,1,1,0,2,0,0,0,209,0,11,399,410
40,"ETCHOJOA XX   ","ETCHOJOA",1166,"BASICA",162,122,42,1,7,0,9,0,1,5,3,3,0,134,0,12,355,367
281,"ETCHOJOA XX   ","ETCHOJOA",1183,"BASICA",109,164,44,6,9,4,0,0,0,2,1,1,0,178,0,10,340,350
49,"ETCHOJOA XX   ","ETCHOJOA",1185,"BASICA",105,129,21,5,3,9,0,0,0,2,2,2,0,149,0,5,278,283
167,"ETCHOJOA XX   ","ETCHOJOA",1185,"CONTIGUA 1",100,127,19,2,3,5,2,0,0,1,2,0,0,137,0,7,261,268
85,"ETCHOJOA XX   ","NAVOJOA",1261,"CONTIGUA 2",137,178,7,1,4,4,7,4,6,0,1,1,0,185,0,5,350,355
132,"ETCHOJOA XX   ","ETCHOJOA",1174,"CONTIGUA 1",128,179,33,0,3,0,0,0,0,0,0,0,0,179,0,10,343,353
79,"ETCHOJOA XX   ","NAVOJOA",1293,"CONTIGUA 1",132,138,3,3,4,0,2,0,1,0,3,0,0,144,0,5,286,291
11,"ETCHOJOA XX   ","ETCHOJOA",1165,"CONTIGUA 1",144,143,20,3,5,5,4,0,0,6,4,5,0,166,0,11,339,350
360,"ETCHOJOA XX   ","ETCHOJOA",1163,"BASICA",146,101,37,2,2,11,1,0,0,7,4,1,0,126,1,13,312,326
96,"ETCHOJOA XX   ","NAVOJOA",1243,"BASICA",179,147,4,0,4,3,5,0,3,0,2,0,0,152,0,11,347,358
364,"ETCHOJOA XX   ","ETCHOJOA",1184,"CONTIGUA 2",154,183,36,0,3,5,2,0,0,3,2,0,0,193,0,9,388,397
90,"ETCHOJOA XX   ","NAVOJOA",1299,"BASICA",111,181,5,1,0,1,3,0,0,0,0,0,5,188,0,2,307,309
176,"ETCHOJOA XX   ","BENITO JUAREZ",1149,"BASICA",95,205,18,1,2,1,3,1,4,6,0,0,0,213,0,4,336,340
193,"ETCHOJOA XX   ","ETCHOJOA",1167,"BASICA",115,115,31,0,3,1,3,0,0,0,2,0,0,118,0,8,270,278
150,"ETCHOJOA XX   ","ETCHOJOA",1168,"BASICA",187,166,43,0,29,0,7,0,0,0,0,0,0,166,1,12,432,445
127,"GUAYMAS XIII ","GUAYMAS",1059,"BASICA",169,152,11,0,13,0,13,3,2,0,0,0,0,152,0,7,363,370
223,"GUAYMAS XIII ","GUAYMAS",1082,"CONTIGUA 2",143,109,8,1,5,3,2,7,3,2,0,1,0,116,2,8,284,294
65,"GUAYMAS XIII ","GUAYMAS",1050,"BASICA",121,151,6,1,12,2,12,5,0,0,0,0,0,154,0,7,310,317
83,"GUAYMAS XIII ","GUAYMAS",1073,"CONTIGUA 1",172,103,18,3,6,2,10,3,2,0,4,0,0,112,0,4,323,327
173,"GUAYMAS XIII ","GUAYMAS",1032,"BASICA",134,113,5,3,6,5,17,0,1,3,3,2,0,129,0,6,292,298
7,"GUAYMAS XIII ","GUAYMAS",1076,"CONTIGUA 2",154,131,3,0,9,4,19,0,4,4,1,0,0,140,0,4,329,333
154,"GUAYMAS XIII ","GUAYMAS",1066,"BASICA",215,68,6,2,4,3,15,1,0,2,0,0,0,75,0,9,316,325
48,"GUAYMAS XIII ","GUAYMAS",1059,"CONTIGUA 1",161,101,6,4,19,5,21,4,3,2,0,0,0,112,0,3,326,329
170,"GUAYMAS XIII ","GUAYMAS",1036,"CONTIGUA 1",124,95,5,0,7,0,8,1,0,2,4,0,0,101,0,11,246,257
323,"GUAYMAS XIII ","GUAYMAS",1028,"CONTIGUA 1",165,114,9,0,6,3,19,1,5,0,0,0,0,117,1,10,322,333
207,"GUAYMAS XIII ","GUAYMAS",1046,"CONTIGUA 1",100,87,10,0,6,5,14,3,0,0,0,0,0,92,0,6,225,231
316,"GUAYMAS XIII ","GUAYMAS",1090,"BASICA",136,88,6,2,4,1,16,0,0,0,1,0,0,92,0,6,254,260
261,"GUAYMAS XIII ","GUAYMAS",1056,"BASICA",106,98,2,1,6,3,24,1,3,0,0,0,0,102,0,13,244,257
174,"GUAYMAS XIII ","GUAYMAS",1083,"BASICA",114,64,2,2,17,1,15,3,1,1,1,0,0,69,0,10,221,231
69,"GUAYMAS XIII ","GUAYMAS",1034,"EXTRAORDINARIA 1",99,46,2,1,9,0,18,0,1,0,1,0,0,48,0,7,177,184
149,"GUAYMAS XIII ","GUAYMAS",1527,"BASICA",87,63,7,2,7,10,5,1,1,0,1,0,0,76,0,8,184,192
354,"GUAYMAS XIII ","GUAYMAS",1060,"BASICA",144,74,3,3,7,3,13,2,3,0,1,0,0,81,0,6,253,259
155,"GUAYMAS XIII ","GUAYMAS",1054,"CONTIGUA 1",112,71,3,0,3,0,16,1,2,0,0,0,0,71,0,7,208,215
122,"HERMOSILLO CENTRO IX   ","HERMOSILLO",420,"BASICA",166,152,11,1,4,2,11,4,1,1,2,0,0,158,0,12,355,367
266,"HERMOSILLO CENTRO IX   ","HERMOSILLO",532,"CONTIGUA 8",156,216,14,1,6,4,10,3,5,0,3,0,0,224,0,8,418,426
87,"HERMOSILLO CENTRO IX   ","HERMOSILLO",378,"BASICA",168,150,10,5,5,3,11,4,3,5,5,1,0,169,0,15,370,385
332,"HERMOSILLO CENTRO IX   ","HERMOSILLO",532,"CONTIGUA 3",145,195,17,3,7,5,8,4,7,3,0,1,0,207,1,8,395,404
190,"HERMOSILLO CENTRO IX   ","HERMOSILLO",532,"CONTIGUA 4",170,200,18,7,10,8,13,1,4,1,7,2,0,225,0,5,441,446
230,"HERMOSILLO CENTRO IX   ","HERMOSILLO",468,"BASICA",169,134,9,2,6,1,8,0,2,4,3,1,0,145,0,19,339,358
117,"HERMOSILLO CENTRO IX   ","HERMOSILLO",399,"CONTIGUA 1",127,146,12,2,5,9,8,1,3,3,1,0,0,161,2,6,317,325
236,"HERMOSILLO CENTRO IX   ","HERMOSILLO",536,"BASICA",147,114,8,3,1,4,7,1,3,0,0,0,0,121,0,4,288,292
103,"HERMOSILLO CENTRO IX   ","HERMOSILLO",459,"BASICA",150,108,2,0,3,1,9,1,3,3,0,0,0,112,1,3,280,284
237,"HERMOSILLO CENTRO IX   ","HERMOSILLO",536,"CONTIGUA 1",138,101,9,1,4,2,5,4,5,3,1,0,0,108,0,14,273,287
202,"HERMOSILLO CENTRO IX   ","HERMOSILLO",435,"BASICA",121,73,12,2,1,4,7,4,2,0,3,0,0,82,0,9,229,238
350,"HERMOSILLO CENTRO IX   ","HERMOSILLO",525,"CONTIGUA 1",150,136,19,2,2,3,9,2,1,0,0,0,0,141,0,7,324,331
86,"HERMOSILLO CENTRO IX   ","HERMOSILLO",467,"BASICA",98,79,7,3,3,2,4,1,6,1,0,0,0,85,0,5,204,209
113,"HERMOSILLO CENTRO IX   ","HERMOSILLO",456,"CONTIGUA 1",163,185,17,3,4,1,15,3,5,1,3,0,0,193,0,12,400,412
101,"HERMOSILLO CENTRO IX   ","HERMOSILLO",443,"BASICA",111,122,7,3,4,1,7,3,2,3,2,0,0,131,0,16,265,281
60,"HERMOSILLO CENTRO IX   ","HERMOSILLO",474,"CONTIGUA 5",159,157,16,7,5,0,20,2,2,2,3,0,0,169,2,7,373,382
4,"HERMOSILLO CENTRO IX   ","HERMOSILLO",456,"BASICA",188,194,5,2,1,3,10,1,8,0,2,0,0,201,1,12,414,427
366,"HERMOSILLO CENTRO IX   ","HERMOSILLO",534,"CONTIGUA 1",195,84,4,5,3,2,0,2,1,0,2,0,0,93,0,6,298,304
175,"HERMOSILLO CENTRO IX   ","HERMOSILLO",445,"BASICA",180,132,7,2,5,5,6,3,2,6,6,0,0,151,1,11,354,366
41,"HERMOSILLO COSTA XI   ","HERMOSILLO",1405,"CONTIGUA 1",111,99,4,0,2,1,4,3,6,1,3,0,0,104,0,7,234,241
192,"HERMOSILLO COSTA XI   ","HERMOSILLO",1474,"BASICA",93,115,12,3,5,7,7,4,1,1,2,1,0,129,0,6,251,257
251,"HERMOSILLO COSTA XI   ","HERMOSILLO",1500,"BASICA",94,93,12,1,3,6,6,3,3,0,2,0,0,102,0,4,223,227
184,"HERMOSILLO COSTA XI   ","HERMOSILLO",1400,"CONTIGUA 1",118,166,7,4,3,7,6,3,4,2,1,0,0,180,1,7,321,329
305,"HERMOSILLO COSTA XI   ","HERMOSILLO",572,"CONTIGUA 1",98,69,5,0,3,3,9,1,6,0,3,0,0,75,0,11,197,208
324,"HERMOSILLO COSTA XI   ","HERMOSILLO",590,"CONTIGUA 4",153,185,14,2,5,1,12,4,4,2,1,1,0,192,0,14,384,398
166,"HERMOSILLO COSTA XI   ","HERMOSILLO",1471,"BASICA",62,61,9,1,4,8,5,4,3,1,0,1,0,72,0,5,159,164
290,"HERMOSILLO COSTA XI   ","HERMOSILLO",551,"BASICA",115,95,3,2,4,5,6,3,1,0,0,0,0,102,0,6,234,240
326,"HERMOSILLO COSTA XI   ","HERMOSILLO",569,"CONTIGUA 9",140,139,3,2,7,2,3,0,2,1,6,0,0,150,1,9,305,315
31,"HERMOSILLO COSTA XI   ","HERMOSILLO",1514,"BASICA",165,203,26,11,4,0,9,3,4,1,2,1,0,218,0,7,429,436
206,"HERMOSILLO COSTA XI   ","HERMOSILLO",544,"CONTIGUA 2",116,116,8,4,7,5,9,0,5,1,2,0,0,128,1,6,273,280
219,"HERMOSILLO COSTA XI   ","HERMOSILLO",601,"CONTIGUA 5",114,145,2,1,6,2,5,0,5,0,0,0,0,148,0,7,280,287
351,"HERMOSILLO COSTA XI   ","HERMOSILLO",552,"CONTIGUA 1",126,90,3,2,3,5,6,0,3,2,1,0,0,100,0,4,241,245
5,"HERMOSILLO COSTA XI   ","HERMOSILLO",539,"CONTIGUA 1",121,177,13,2,3,1,11,8,5,3,2,0,0,185,0,4,346,350
338,"HERMOSILLO COSTA XI   ","HERMOSILLO",1475,"BASICA",33,42,6,2,3,1,2,1,1,0,0,0,0,45,0,3,91,94
21,"HERMOSILLO COSTA XI   ","HERMOSILLO",601,"CONTIGUA 9",98,145,4,4,7,4,4,0,4,0,6,0,0,159,0,7,276,283
99,"HERMOSILLO COSTA XI   ","HERMOSILLO",1486,"BASICA",49,21,2,1,1,0,1,0,0,0,0,0,0,22,0,2,75,77
243,"HERMOSILLO COSTA XI   ","HERMOSILLO",1512,"BASICA",74,102,6,3,2,1,2,3,2,2,1,0,0,109,0,5,198,203
34,"HERMOSILLO COSTA XI   ","HERMOSILLO",543,"BASICA",118,101,5,7,4,2,6,0,2,1,1,0,0,112,0,2,247,249
54,"HERMOSILLO COSTA XI   ","HERMOSILLO",540,"BASICA",168,184,12,5,3,2,10,6,7,2,2,0,0,195,0,6,401,407
361,"HERMOSILLO COSTA XI   ","HERMOSILLO",571,"CONTIGUA 2",138,76,6,2,2,2,5,5,7,4,1,0,0,85,0,7,248,255
82,"HERMOSILLO COSTA XI   ","HERMOSILLO",590,"ESPECIAL 1",225,451,14,3,6,17,2,3,3,15,0,0,0,486,2,7,739,748
97,"HERMOSILLO COSTA XI   ","HERMOSILLO",543,"CONTIGUA 1",115,92,4,3,2,3,2,0,1,3,2,0,0,103,0,7,227,234
282,"HERMOSILLO NORESTE X    ","HERMOSILLO",344,"CONTIGUA 5",213,198,19,6,1,1,7,6,9,3,2,0,0,210,0,17,465,482
212,"HERMOSILLO NORESTE X    ","HERMOSILLO",341,"EXTRAORDINARIA 1 CONTIGUA 9",160,164,7,1,7,4,5,4,6,3,2,0,0,174,0,6,363,369
89,"HERMOSILLO NORESTE X    ","HERMOSILLO",341,"BASICA",157,154,13,1,4,4,10,3,4,3,5,0,0,167,1,2,358,361
289,"HERMOSILLO NORESTE X    ","HERMOSILLO",339,"BASICA",142,127,17,4,8,6,8,2,7,8,0,0,0,145,0,11,329,340
228,"HERMOSILLO NORESTE X    ","HERMOSILLO",361,"CONTIGUA 1",120,97,6,4,2,1,7,1,0,1,1,0,0,104,0,7,240,247
100,"HERMOSILLO NORESTE X    ","HERMOSILLO",344,"CONTIGUA 6",170,238,15,5,4,1,13,3,6,2,3,1,0,250,1,13,461,475
256,"HERMOSILLO NORESTE X    ","HERMOSILLO",345,"CONTIGUA 3",187,179,9,2,6,2,6,3,4,0,0,0,0,183,0,7,398,405
255,"HERMOSILLO NORESTE X    ","HERMOSILLO",359,"CONTIGUA 2",155,225,12,6,3,5,11,4,6,5,4,0,0,245,3,7,436,446
104,"HERMOSILLO NORESTE X    ","HERMOSILLO",418,"CONTIGUA 1",189,204,7,3,1,2,1,1,3,4,4,0,0,217,2,13,419,434
120,"HERMOSILLO NORESTE X    ","HERMOSILLO",392,"CONTIGUA 2",151,143,17,1,6,3,21,6,5,0,2,1,0,150,0,10,356,366
153,"HERMOSILLO NORESTE X    ","HERMOSILLO",347,"BASICA",155,123,5,4,1,4,6,0,3,16,0,0,0,147,1,9,317,327
226,"HERMOSILLO NORESTE X    ","HERMOSILLO",381,"CONTIGUA 1",138,129,6,4,3,1,8,4,6,0,9,1,0,144,1,4,309,314
71,"HERMOSILLO NORESTE X    ","HERMOSILLO",343,"BASICA",150,165,15,8,5,3,5,3,4,2,4,1,0,183,0,13,365,378
67,"HERMOSILLO NORESTE X    ","HERMOSILLO",339,"CONTIGUA 1",143,143,16,9,3,5,7,4,2,0,6,0,0,163,0,12,338,350
55,"HERMOSILLO NORESTE X    ","HERMOSILLO",343,"CONTIGUA 4",166,172,4,5,9,10,6,3,3,2,4,0,0,193,2,9,384,395
52,"HERMOSILLO NORESTE X    ","HERMOSILLO",341,"EXTRAORDINARIA 1 CONTIGUA 8",151,154,14,7,9,8,11,2,7,4,0,0,0,173,0,7,367,374
178,"HERMOSILLO NORESTE X    ","HERMOSILLO",413,"BASICA",199,194,4,8,3,2,11,6,1,3,3,0,0,210,0,13,434,447
116,"HERMOSILLO NORESTE X    ","HERMOSILLO",408,"BASICA",128,89,9,2,5,3,12,3,2,1,6,0,0,101,0,10,260,270
357,"HERMOSILLO NORESTE X    ","HERMOSILLO",340,"EXTRAORDINARIA 1 CONTIGUA 4",152,141,4,8,4,0,8,4,3,1,1,1,0,152,0,6,327,333
142,"HERMOSILLO NOROESTE VIII ","HERMOSILLO",1332,"BASICA",93,111,5,5,3,1,8,0,5,2,1,1,0,121,0,5,235,240
61,"HERMOSILLO NOROESTE VIII ","HERMOSILLO",427,"CONTIGUA 2",117,111,4,8,6,2,9,4,3,4,2,0,2,129,0,12,272,284
308,"HERMOSILLO NOROESTE VIII ","HERMOSILLO",377,"BASICA",154,116,15,3,5,8,14,3,4,1,2,1,0,131,0,14,326,340
105,"HERMOSILLO NOROESTE VIII ","HERMOSILLO",1332,"CONTIGUA 7",114,94,4,3,4,2,6,1,2,1,6,1,0,107,0,7,238,245
158,"HERMOSILLO NOROESTE VIII ","HERMOSILLO",1345,"BASICA",81,83,5,3,10,2,6,3,4,3,2,0,0,93,0,6,202,208
30,"HERMOSILLO NOROESTE VIII ","HERMOSILLO",1340,"CONTIGUA 1",112,105,9,4,5,3,7,1,4,0,1,0,0,113,1,5,251,257
325,"HERMOSILLO NOROESTE VIII ","HERMOSILLO",1346,"BASICA",160,134,9,2,6,2,8,2,7,0,3,0,0,141,0,4,333,337
369,"HERMOSILLO NOROESTE VIII ","HERMOSILLO",1359,"BASICA",117,96,10,0,7,5,8,1,4,4,0,0,2,107,0,8,254,262
312,"HERMOSILLO NOROESTE VIII ","HERMOSILLO",1355,"BASICA",125,124,6,3,2,5,4,2,5,0,0,0,0,132,0,0,276,276
53,"HERMOSILLO NOROESTE VIII ","HERMOSILLO",374,"CONTIGUA 8",102,133,11,0,5,0,7,1,1,0,0,0,0,133,0,11,260,271
344,"HERMOSILLO NOROESTE VIII ","HERMOSILLO",386,"CONTIGUA 1",119,130,7,2,3,5,7,5,2,6,0,0,0,143,0,10,286,296
115,"HERMOSILLO NOROESTE VIII ","HERMOSILLO",337,"BASICA",136,111,8,6,4,2,12,4,4,0,5,0,0,124,0,8,292,300
189,"HERMOSILLO NOROESTE VIII ","HERMOSILLO",448,"CONTIGUA 4",137,135,8,6,7,9,9,3,7,1,3,0,0,154,0,9,325,334
121,"HERMOSILLO NOROESTE VIII ","HERMOSILLO",431,"CONTIGUA 1",158,115,6,1,1,4,9,4,5,4,2,1,0,127,0,8,310,318
107,"HERMOSILLO NOROESTE VIII ","HERMOSILLO",1332,"CONTIGUA 2",106,88,6,0,1,4,5,3,2,4,3,0,0,99,0,7,222,229
311,"HERMOSILLO NOROESTE VIII ","HERMOSILLO",404,"BASICA",167,160,11,5,8,6,14,7,6,4,4,1,0,180,1,18,393,412
194,"HERMOSILLO NOROESTE VIII ","HERMOSILLO",401,"CONTIGUA 1",146,117,10,7,6,5,4,4,2,3,5,1,0,138,0,9,310,319
172,"HERMOSILLO NOROESTE VIII ","HERMOSILLO",1351,"CONTIGUA 1",118,82,4,4,3,1,7,5,3,4,0,0,0,91,0,10,231,241
77,"HERMOSILLO NOROESTE VIII ","HERMOSILLO",1341,"CONTIGUA 1",91,95,8,4,3,3,8,3,5,2,0,0,0,104,0,9,222,231
138,"HERMOSILLO NOROESTE VIII ","HERMOSILLO",433,"BASICA",146,134,4,8,6,2,9,2,3,4,3,0,0,151,0,6,321,327
74,"HERMOSILLO NOROESTE VIII ","HERMOSILLO",449,"BASICA",139,191,10,4,11,5,14,3,8,1,3,0,0,204,0,11,389,400
20,"HERMOSILLO NOROESTE VIII ","HERMOSILLO",1334,"BASICA",131,109,12,3,10,5,5,2,4,0,0,0,0,117,0,5,281,286
197,"HERMOSILLO NOROESTE VIII ","HERMOSILLO",401,"BASICA",129,134,8,5,7,2,5,0,10,13,0,0,0,154,0,10,313,323
164,"HERMOSILLO SUR XII  ","HERMOSILLO",510,"CONTIGUA 1",93,82,5,1,3,3,8,1,3,5,1,1,0,93,1,7,206,214
214,"HERMOSILLO SUR XII  ","HERMOSILLO",558,"CONTIGUA 3",140,119,11,1,6,10,13,5,0,1,2,2,0,135,0,12,310,322
275,"HERMOSILLO SUR XII  ","HERMOSILLO",541,"BASICA",173,122,3,10,4,1,2,0,1,0,3,0,0,136,0,12,319,331
269,"HERMOSILLO SUR XII  ","HERMOSILLO",487,"BASICA",145,105,5,3,6,1,5,1,2,4,5,0,0,118,0,4,282,286
335,"HERMOSILLO SUR XII  ","HERMOSILLO",582,"CONTIGUA 1",103,100,12,5,6,3,7,1,0,1,3,0,0,112,0,2,241,243
339,"HERMOSILLO SUR XII  ","HERMOSILLO",480,"BASICA",129,130,8,3,7,4,12,1,5,2,2,1,0,142,2,8,304,314
128,"HERMOSILLO SUR XII  ","HERMOSILLO",581,"CONTIGUA 2",122,96,2,0,6,2,6,0,4,2,4,0,0,104,0,9,244,253
19,"HERMOSILLO SUR XII  ","HERMOSILLO",1530,"CONTIGUA 1",96,91,4,1,4,3,2,2,3,0,0,0,0,95,0,4,206,210
136,"HERMOSILLO SUR XII  ","HERMOSILLO",508,"BASICA",190,144,11,2,9,1,15,2,5,6,4,0,0,157,1,12,389,402
28,"HERMOSILLO SUR XII  ","HERMOSILLO",485,"CONTIGUA 1",146,97,5,1,3,4,3,0,0,0,0,0,0,102,0,13,259,272
43,"HERMOSILLO SUR XII  ","HERMOSILLO",548,"BASICA",121,71,5,1,4,4,3,3,1,1,4,2,0,83,0,8,220,228
114,"HERMOSILLO SUR XII  ","HERMOSILLO",491,"BASICA",82,93,6,0,0,0,4,1,1,1,3,0,0,97,1,6,191,198
349,"HERMOSILLO SUR XII  ","HERMOSILLO",1554,"CONTIGUA 1",119,114,6,3,5,3,4,4,6,3,6,3,0,132,0,10,276,286
146,"HERMOSILLO SUR XII  ","HERMOSILLO",565,"CONTIGUA 1",166,128,13,2,7,7,8,6,6,0,5,1,0,143,0,8,349,357
177,"HERMOSILLO SUR XII  ","HERMOSILLO",564,"CONTIGUA 1",149,136,13,2,11,4,14,3,7,0,1,0,1,144,0,15,341,356
151,"HERMOSILLO SUR XII  ","HERMOSILLO",586,"CONTIGUA 1",126,172,1,6,2,1,3,0,4,5,6,2,0,192,0,9,328,337
6,"HERMOSILLO SUR XII  ","HERMOSILLO",514,"BASICA",148,103,13,2,3,3,10,1,1,2,3,1,0,114,1,4,290,295
296,"HERMOSILLO SUR XII  ","HERMOSILLO",587,"BASICA",49,143,1,1,6,2,4,0,2,3,4,1,0,154,0,6,216,222
63,"HERMOSILLO SUR XII  ","HERMOSILLO",1551,"CONTIGUA 1",103,106,3,3,5,3,3,1,2,0,4,0,0,116,0,5,233,238
205,"HUATABAMPO XXI  ","HUATABAMPO",1206,"CONTIGUA 1",160,202,16,2,1,5,2,0,0,0,12,2,0,223,0,12,402,414
353,"HUATABAMPO XXI  ","HUATABAMPO",1215,"CONTIGUA 2",153,138,24,1,0,2,1,0,0,5,6,2,0,154,0,7,332,339
168,"HUATABAMPO XXI  ","ALAMOS",1136,"BASICA",116,62,1,0,0,1,0,0,0,0,1,0,0,64,0,1,181,182
56,"HUATABAMPO XXI  ","HUATABAMPO",1193,"BASICA",126,142,3,1,2,0,1,0,0,12,0,0,0,155,0,0,287,287
204,"HUATABAMPO XXI  ","HUATABAMPO",1197,"BASICA",162,227,17,1,3,1,4,2,0,6,10,0,0,245,0,1,433,434
125,"HUATABAMPO XXI  ","ALAMOS",1113,"CONTIGUA 1",49,172,0,3,1,0,0,0,0,8,6,1,0,190,0,9,240,249
163,"HUATABAMPO XXI  ","ALAMOS",1110,"CONTIGUA 2",200,145,4,6,0,3,2,2,0,6,4,0,1,165,0,3,373,376
139,"HUATABAMPO XXI  ","HUATABAMPO",1222,"CONTIGUA 1",144,165,21,0,0,5,4,0,0,0,0,0,0,170,0,14,339,353
265,"HUATABAMPO XXI  ","HUATABAMPO",1219,"BASICA",153,204,13,0,2,0,3,0,0,0,0,0,0,204,0,7,375,382
271,"HUATABAMPO XXI  ","HUATABAMPO",1203,"CONTIGUA 1",119,175,13,0,1,3,2,0,0,2,10,1,0,191,0,8,326,334
112,"HUATABAMPO XXI  ","HUATABAMPO",1227,"BASICA",102,142,8,1,1,2,0,0,1,2,5,0,0,152,0,7,264,271
258,"HUATABAMPO XXI  ","ALAMOS",1109,"BASICA",208,233,2,3,4,10,12,0,0,13,5,2,0,266,0,9,492,501
319,"HUATABAMPO XXI  ","ALAMOS",1117,"BASICA",78,95,1,4,0,3,0,0,0,4,4,0,1,111,0,11,190,201
278,"HUATABAMPO XXI  ","HUATABAMPO",1198,"ESPECIAL 1",217,484,8,8,2,6,1,0,1,8,11,2,0,519,0,6,748,754
239,"NAVOJOA NORTE XIX  ","NAVOJOA",1254,"BASICA",129,202,17,2,5,2,11,4,0,0,5,0,0,211,1,10,377,388
187,"NAVOJOA NORTE XIX  ","NAVOJOA",1265,"CONTIGUA 1",133,132,4,2,0,5,8,0,2,1,1,0,0,141,0,7,288,295
124,"NAVOJOA NORTE XIX  ","NAVOJOA",1303,"BASICA",152,123,4,2,5,2,9,0,2,0,0,0,0,127,0,9,299,308
145,"NAVOJOA NORTE XIX  ","QUIRIEGO",1307,"BASICA",248,182,4,1,4,1,0,0,1,3,1,1,0,189,0,1,446,447
129,"NAVOJOA NORTE XIX  ","NAVOJOA",1231,"CONTIGUA 1",105,103,3,0,3,2,8,0,1,0,3,0,0,108,0,7,228,235
292,"NAVOJOA NORTE XIX  ","NAVOJOA",1231,"BASICA",76,125,1,2,2,6,2,0,1,1,1,0,0,135,0,8,217,225
333,"NAVOJOA NORTE XIX  ","NAVOJOA",1286,"EXTRAORDINARIA 1 CONTIGUA 1",125,88,6,3,5,2,1,0,0,0,2,0,0,95,0,10,232,242
250,"NAVOJOA NORTE XIX  ","NAVOJOA",1244,"CONTIGUA 1",170,178,2,6,3,3,6,1,2,1,1,1,0,190,0,5,374,379
241,"NAVOJOA NORTE XIX  ","NAVOJOA",1266,"CONTIGUA 1",143,125,3,2,3,8,7,0,1,0,3,0,0,138,0,5,295,300
195,"NAVOJOA NORTE XIX  ","NAVOJOA",1250,"BASICA",93,112,2,4,0,4,6,1,1,0,3,0,0,123,0,7,226,233
94,"NAVOJOA NORTE XIX  ","NAVOJOA",1278,"CONTIGUA 1",122,180,20,4,1,1,0,1,2,1,3,0,0,189,0,4,335,339
93,"NAVOJOA NORTE XIX  ","QUIRIEGO",1307,"CONTIGUA 1",206,212,3,0,3,3,0,0,0,0,1,0,0,216,0,2,428,430
233,"NAVOJOA NORTE XIX  ","NAVOJOA",1270,"CONTIGUA 2",88,177,8,1,2,2,3,1,0,0,2,0,0,182,0,6,284,290
203,"NAVOJOA NORTE XIX  ","NAVOJOA",1230,"CONTIGUA 1",168,147,4,0,2,0,5,1,6,0,3,0,0,150,0,13,336,349
348,"NAVOJOA NORTE XIX  ","QUIRIEGO",1307,"CONTIGUA 2",214,180,4,0,1,3,0,0,1,1,2,0,0,186,0,1,406,407
29,"NOGALES NORTE IV   ","NOGALES",194,"CONTIGUA 2",99,98,10,4,8,4,14,6,0,0,0,0,0,106,0,12,243,255
367,"NOGALES NORTE IV   ","NOGALES",159,"BASICA",98,78,7,1,4,1,4,0,1,4,2,1,0,87,0,3,201,204
297,"NOGALES NORTE IV   ","NOGALES",205,"CONTIGUA 4",108,126,3,3,5,3,6,3,1,0,4,0,0,136,0,8,262,270
295,"NOGALES NORTE IV   ","NOGALES",187,"CONTIGUA 3",149,91,6,3,8,6,9,6,6,0,0,0,0,100,0,8,284,292
24,"NOGALES NORTE IV   ","NOGALES",161,"CONTIGUA 1",56,67,6,4,4,2,2,2,2,73,71,69,6,292,0,2,364,366
274,"NOGALES NORTE IV   ","NOGALES",178,"BASICA",94,112,0,4,3,6,5,2,1,10,0,0,0,132,0,0,237,237
240,"NOGALES NORTE IV   ","NOGALES",184,"BASICA",112,93,3,9,7,2,8,2,2,0,1,1,0,106,1,8,240,249
123,"NOGALES NORTE IV   ","NOGALES",172,"BASICA",98,99,9,2,5,3,7,7,6,0,0,1,0,105,0,8,237,245
148,"NOGALES NORTE IV   ","NOGALES",184,"CONTIGUA 1",111,96,11,3,5,1,9,4,6,1,0,0,0,101,0,6,247,253
38,"NOGALES NORTE IV   ","NOGALES",163,"CONTIGUA 2",103,96,3,2,3,2,2,5,3,1,4,0,0,105,2,13,224,239
260,"NOGALES NORTE IV   ","NOGALES",195,"BASICA",100,78,12,3,11,3,5,4,4,2,0,0,0,86,7,0,222,229
13,"NOGALES NORTE IV   ","NOGALES",171,"CONTIGUA 2",114,121,16,1,6,4,16,7,6,0,2,0,0,128,1,7,293,301
356,"NOGALES SUR V    ","NOGALES",217,"CONTIGUA 5",111,105,7,2,10,3,10,4,2,1,3,0,0,114,1,2,258,261
343,"NOGALES SUR V    ","NOGALES",1439,"CONTIGUA 1",76,80,7,6,11,2,8,1,2,0,0,0,0,88,0,4,193,197
102,"NOGALES SUR V    ","NOGALES",1388,"BASICA",95,97,8,3,9,3,11,8,7,4,0,0,0,107,0,13,245,258
355,"NOGALES SUR V    ","NOGALES",1437,"BASICA",101,68,5,2,12,1,7,7,4,2,0,1,0,74,0,5,210,215
359,"NOGALES SUR V    ","NOGALES",1420,"BASICA",91,82,3,3,15,4,5,5,5,0,0,0,0,89,0,6,213,219
248,"NOGALES SUR V    ","NOGALES",1371,"BASICA",72,88,9,6,7,1,4,2,10,0,0,0,0,95,0,0,199,199
22,"NOGALES SUR V    ","NOGALES",1441,"CONTIGUA 1",60,78,3,7,2,0,6,0,2,0,1,0,0,86,0,1,159,160
37,"NOGALES SUR V    ","NOGALES",217,"CONTIGUA 16",124,125,10,3,5,2,9,3,5,2,2,0,0,134,0,6,290,296
46,"NOGALES SUR V    ","IMURIS",112,"CONTIGUA 1",149,116,4,3,2,4,3,2,2,1,1,0,0,125,1,8,287,296
3,"NOGALES SUR V    ","NOGALES",217,"CONTIGUA 9",146,102,9,4,5,5,9,7,7,0,2,0,0,113,0,10,296,306
162,"NOGALES SUR V    ","IMURIS",115,"CONTIGUA 1",108,128,2,2,2,9,2,3,0,0,0,0,0,139,0,10,256,266
307,"NOGALES SUR V    ","NOGALES",214,"CONTIGUA 5",134,106,10,6,10,4,8,3,8,2,1,2,0,121,0,6,294,300
16,"NOGALES SUR V    ","IMURIS",122,"BASICA",106,132,2,2,2,1,0,0,1,1,1,1,0,138,0,4,249,253
135,"NOGALES SUR V    ","NOGALES",221,"CONTIGUA 6",129,70,13,3,11,5,11,7,7,1,0,0,0,79,0,10,257,267
111,"NOGALES SUR V    ","NOGALES",217,"CONTIGUA 15",111,101,7,3,7,5,11,7,4,2,2,2,0,115,0,8,262,270
50,"NOGALES SUR V    ","NOGALES",1387,"BASICA",55,88,4,6,2,0,10,5,3,1,0,1,0,96,0,11,175,186
276,"NOGALES SUR V    ","NOGALES",223,"CONTIGUA 8",116,122,10,7,7,2,14,9,1,0,1,0,0,132,0,3,289,292
66,"NOGALES SUR V    ","NOGALES",1379,"BASICA",125,95,12,4,16,5,14,4,7,1,0,0,0,105,0,1,283,284
254,"NOGALES SUR V    ","NOGALES",1385,"BASICA",69,78,10,6,6,4,13,1,5,1,1,0,0,90,0,6,194,200
368,"NOGALES SUR V    ","NOGALES",1377,"CONTIGUA 1",96,108,10,0,13,4,16,3,5,0,0,0,0,112,0,5,255,260
299,"NOGALES SUR V    ","IMURIS",116,"CONTIGUA 2",132,99,8,7,1,4,4,1,0,2,0,1,0,113,0,5,259,264
215,"NOGALES SUR V    ","IMURIS",115,"EXTRAORDINARIA 1",148,218,3,11,1,15,5,2,2,0,0,0,0,244,0,8,405,413
363,"NOGALES SUR V    ","NOGALES",221,"CONTIGUA 5",149,81,12,5,9,1,14,6,6,0,0,1,0,88,0,6,284,290
1,"OBREGON CENTRO XVII ","CAJEME",796,"CONTIGUA 1",68,132,2,4,10,5,51,3,0,0,2,0,0,143,0,12,277,289
352,"OBREGON CENTRO XVII ","CAJEME",807,"CONTIGUA 3",80,204,13,2,7,11,24,8,6,3,0,0,0,220,0,7,358,365
345,"OBREGON CENTRO XVII ","CAJEME",822,"CONTIGUA 1",94,169,20,4,3,5,14,4,4,1,3,1,0,183,2,5,322,329
216,"OBREGON CENTRO XVII ","CAJEME",961,"BASICA",195,150,1,1,3,1,11,0,0,0,8,0,0,160,0,3,370,373
340,"OBREGON CENTRO XVII ","CAJEME",812,"CONTIGUA 1",95,154,9,4,4,2,22,4,5,2,4,0,0,166,1,10,305,316
58,"OBREGON CENTRO XVII ","CAJEME",789,"BASICA",111,152,5,4,8,2,27,1,4,1,3,0,0,162,0,6,318,324
227,"OBREGON CENTRO XVII ","CAJEME",841,"BASICA",75,171,13,2,4,5,19,2,6,2,3,0,0,183,1,8,302,311
141,"OBREGON CENTRO XVII ","CAJEME",790,"CONTIGUA 1",84,112,9,5,5,4,42,2,1,4,0,0,0,125,0,9,268,277
134,"OBREGON CENTRO XVII ","CAJEME",776,"BASICA",113,278,10,4,6,0,10,8,1,3,1,0,0,286,0,15,434,449
259,"OBREGON CENTRO XVII ","CAJEME",867,"CONTIGUA 1",83,121,12,4,1,3,18,1,3,1,5,0,0,134,0,11,252,263
137,"OBREGON CENTRO XVII ","CAJEME",807,"CONTIGUA 13",80,224,18,2,2,15,18,11,7,2,0,1,0,244,0,16,380,396
252,"OBREGON CENTRO XVII ","CAJEME",821,"BASICA",33,54,3,2,2,1,7,2,2,0,1,0,0,58,0,2,107,109
80,"OBREGON CENTRO XVII ","CAJEME",887,"CONTIGUA 7",78,162,3,1,6,7,25,1,3,1,1,1,0,173,1,4,289,294
72,"OBREGON CENTRO XVII ","CAJEME",842,"CONTIGUA 2",72,208,5,4,4,16,28,5,3,2,2,0,1,233,0,4,350,354
188,"OBREGON CENTRO XVII ","CAJEME",846,"CONTIGUA 1",87,159,10,0,1,4,13,3,3,1,2,0,0,166,0,4,283,287
44,"OBREGON CENTRO XVII ","CAJEME",806,"BASICA",71,169,17,0,1,3,14,7,4,2,1,1,0,176,0,11,290,301
35,"OBREGON CENTRO XVII ","CAJEME",867,"BASICA",70,154,10,4,5,5,14,4,5,0,1,1,0,165,0,13,273,286
242,"OBREGON NORTE XVIII","CAJEME",937,"BASICA",70,151,5,3,4,4,14,2,1,2,2,0,0,162,0,3,258,261
337,"OBREGON NORTE XVIII","CAJEME",949,"CONTIGUA 2",86,176,11,4,4,5,15,2,1,1,0,0,0,186,1,4,305,310
301,"OBREGON NORTE XVIII","VILLA PESQUEIRA",289,"BASICA",254,165,2,1,2,14,6,0,0,7,1,0,0,188,0,3,452,455
36,"OBREGON NORTE XVIII","SAHUARIPA",245,"BASICA",25,50,1,0,0,0,0,0,0,0,0,0,0,50,0,1,76,77
329,"OBREGON NORTE XVIII","CAJEME",936,"BASICA",134,239,2,0,3,1,15,0,1,0,0,0,0,240,0,7,395,402
217,"OBREGON NORTE XVIII","SAHUARIPA",239,"BASICA",26,70,0,1,0,2,0,0,0,1,1,1,0,76,0,0,102,102
95,"OBREGON NORTE XVIII","CAJEME",774,"BASICA",72,215,9,4,12,5,25,4,4,5,3,1,0,233,0,7,359,366
180,"OBREGON NORTE XVIII","CAJEME",951,"CONTIGUA 4",95,161,6,0,4,7,20,6,4,3,4,1,0,176,0,7,311,318
39,"OBREGON NORTE XVIII","CAJEME",952,"EXTRAORDINARIA 1",78,78,5,1,4,9,7,0,1,0,3,1,0,92,0,8,187,195
118,"OBREGON NORTE XVIII","ARIVECHI",39,"BASICA",85,116,1,1,1,0,1,0,0,2,0,2,0,121,0,5,209,214
342,"OBREGON NORTE XVIII","LA COLORADA",331,"BASICA",212,235,54,8,4,5,3,1,0,1,1,0,0,250,0,7,524,531
2,"OBREGON NORTE XVIII","CAJEME",951,"CONTIGUA 1",82,152,14,5,3,7,17,3,7,5,0,0,0,169,0,5,295,300
57,"OBREGON NORTE XVIII","CAJEME",943,"CONTIGUA 1",84,169,2,0,4,0,20,2,3,0,0,0,0,169,0,10,284,294
119,"OBREGON NORTE XVIII","CAJEME",940,"BASICA",94,177,6,2,2,5,11,5,1,1,1,0,0,186,0,9,305,314
98,"OBREGON NORTE XVIII","CAJEME",949,"CONTIGUA 1",86,181,14,4,6,4,17,5,3,4,1,1,0,195,0,6,326,332
221,"OBREGON NORTE XVIII","CAJEME",773,"BASICA",108,196,15,6,1,2,21,1,6,1,0,0,0,205,0,8,357,365
75,"OBREGON SUR XV   ","CAJEME",906,"CONTIGUA 1",79,124,5,2,6,4,16,5,4,0,0,0,0,130,0,10,245,255
298,"OBREGON SUR XV   ","CAJEME",907,"CONTIGUA 3",103,108,4,5,1,3,10,4,2,3,0,0,0,119,1,6,243,250
33,"OBREGON SUR XV   ","CAJEME",921,"CONTIGUA 1",120,71,7,4,1,4,9,1,0,0,0,0,0,79,0,2,217,219
27,"OBREGON SUR XV   ","CAJEME",901,"CONTIGUA 5",65,157,5,0,2,3,12,3,3,2,6,0,0,168,2,7,258,267
272,"OBREGON SUR XV   ","CAJEME",969,"BASICA",81,121,8,2,3,3,12,3,2,1,1,0,0,128,1,3,237,241
45,"OBREGON SUR XV   ","CAJEME",910,"BASICA",80,118,5,1,8,8,16,2,2,3,0,0,0,130,0,5,243,248
106,"OBREGON SUR XV   ","CAJEME",927,"BASICA",71,79,8,0,5,2,7,2,0,0,0,1,0,82,1,5,175,181
208,"OBREGON SUR XV   ","CAJEME",907,"CONTIGUA 1",89,90,6,2,4,4,10,5,7,3,0,0,0,99,0,12,220,232
62,"OBREGON SUR XV   ","CAJEME",914,"BASICA",74,102,8,0,0,3,5,2,1,0,0,0,0,105,0,6,195,201
293,"OBREGON SUR XV   ","CAJEME",972,"CONTIGUA 1",82,85,3,1,3,2,7,1,0,3,2,1,0,94,0,3,190,193
198,"OBREGON SUR XV   ","CAJEME",979,"CONTIGUA 1",68,136,4,1,1,1,8,2,2,0,0,0,0,138,1,2,223,226
144,"OBREGON SUR XV   ","CAJEME",915,"CONTIGUA 2",92,107,7,2,6,2,8,1,7,1,1,0,0,113,0,3,234,237
196,"OBREGON SUR XV   ","CAJEME",915,"BASICA",95,118,10,1,8,2,12,1,1,1,4,4,0,130,0,8,257,265
280,"OBREGON SUR XV   ","CAJEME",901,"CONTIGUA 3",87,150,8,6,3,1,12,3,7,0,0,0,0,157,0,5,277,282
317,"OBREGON SUR XV   ","CAJEME",976,"BASICA",135,137,4,8,5,5,9,2,2,5,2,2,0,159,0,7,316,323
91,"OBREGON SUR XV   ","CAJEME",971,"BASICA",92,180,11,0,3,0,13,1,1,0,0,0,0,180,0,9,301,310
81,"OBREGON SURESTE XVI  ","CAJEME",902,"CONTIGUA 1",69,103,1,2,5,2,7,3,4,0,1,1,0,109,0,4,198,202
12,"OBREGON SURESTE XVI  ","CAJEME",871,"BASICA",77,106,7,2,3,4,19,3,1,0,2,0,0,114,0,4,224,228
171,"OBREGON SURESTE XVI  ","CAJEME",863,"CONTIGUA 1",67,130,7,3,1,3,11,1,6,2,3,0,0,141,0,7,234,241
182,"OBREGON SURESTE XVI  ","CAJEME",808,"CONTIGUA 7",69,168,6,2,6,8,17,2,6,3,3,0,0,184,0,2,290,292
277,"OBREGON SURESTE XVI  ","CAJEME",818,"BASICA",69,105,9,0,2,2,15,3,4,0,0,0,0,107,0,1,209,210
220,"OBREGON SURESTE XVI  ","CAJEME",778,"BASICA",68,110,4,1,5,3,6,12,3,1,2,1,0,118,1,6,216,223
302,"OBREGON SURESTE XVI  ","CAJEME",883,"CONTIGUA 1",71,130,4,5,7,1,15,1,5,0,3,0,0,139,0,2,242,244
8,"OBREGON SURESTE XVI  ","CAJEME",808,"CONTIGUA 13",72,140,6,4,4,3,20,3,5,1,3,0,0,151,1,7,261,269
165,"OBREGON SURESTE XVI  ","CAJEME",849,"BASICA",87,191,7,0,7,0,17,3,5,0,0,0,0,191,0,4,317,321
26,"OBREGON SURESTE XVI  ","CAJEME",904,"CONTIGUA 2",76,104,3,3,0,2,11,2,5,0,1,0,0,110,0,1,207,208
304,"OBREGON SURESTE XVI  ","CAJEME",782,"BASICA",58,80,7,1,1,2,9,1,3,1,2,2,0,88,0,8,167,175
247,"OBREGON SURESTE XVI  ","CAJEME",798,"BASICA",68,116,8,3,2,2,12,2,3,2,5,0,0,128,0,6,223,229
318,"OBREGON SURESTE XVI  ","CAJEME",777,"CONTIGUA 1",84,198,25,4,2,3,18,8,3,2,2,0,0,209,0,9,349,358
17,"OBREGON SURESTE XVI  ","CAJEME",863,"BASICA",68,116,6,1,1,6,13,2,0,5,2,0,0,130,0,7,220,227
245,"OBREGON SURESTE XVI  ","CAJEME",882,"CONTIGUA 1",84,139,12,3,7,3,15,5,8,0,3,0,0,148,0,10,279,289
365,"OBREGON SURESTE XVI  ","CAJEME",830,"CONTIGUA 1",82,168,8,3,3,3,20,5,5,3,3,0,0,180,0,9,303,312
287,"PUERTO PEÑASCO II   ","SAN LUIS RIO COLORADO",696,"CONTIGUA 2",86,80,9,12,1,5,17,5,7,0,0,0,0,97,0,9,222,231
160,"PUERTO PEÑASCO II   ","GRAL. PLUTARCO ELIAS CALLES",1324,"CONTIGUA 1",104,107,76,5,8,5,5,3,1,0,3,0,0,120,0,14,317,331
15,"PUERTO PEÑASCO II   ","PUERTO PEÑASCO",632,"BASICA",223,113,0,0,6,1,5,0,0,0,0,0,0,114,0,8,348,356
246,"PUERTO PEÑASCO II   ","SAN LUIS RIO COLORADO",661,"CONTIGUA 9",90,62,12,3,2,2,7,4,12,0,0,0,0,67,0,8,194,202
331,"PUERTO PEÑASCO II   ","PUERTO PEÑASCO",644,"CONTIGUA 2",231,127,13,4,2,2,3,1,3,2,2,1,0,138,0,5,391,396
25,"PUERTO PEÑASCO II   ","PUERTO PEÑASCO",632,"CONTIGUA 5",201,117,8,4,1,1,4,3,4,0,0,0,0,122,0,16,343,359
78,"PUERTO PEÑASCO II   ","SAN LUIS RIO COLORADO",730,"CONTIGUA 1",86,79,8,3,2,4,12,3,11,0,0,0,0,86,0,2,208,210
284,"PUERTO PEÑASCO II   ","PUERTO PEÑASCO",638,"CONTIGUA 13",181,155,2,1,2,0,0,3,4,2,0,0,0,158,0,3,350,353
108,"PUERTO PEÑASCO II   ","SAN LUIS RIO COLORADO",742,"BASICA",169,119,6,17,1,10,6,6,13,0,0,0,0,146,0,13,347,360
143,"PUERTO PEÑASCO II   ","SAN LUIS RIO COLORADO",730,"CONTIGUA 3",111,83,12,5,2,5,11,1,6,0,5,0,0,98,0,6,241,247
70,"PUERTO PEÑASCO II   ","SAN LUIS RIO COLORADO",670,"CONTIGUA 2",105,81,6,8,1,9,17,7,8,0,0,0,0,98,0,3,242,245
291,"PUERTO PEÑASCO II   ","SAN LUIS RIO COLORADO",661,"CONTIGUA 6",90,76,4,2,2,2,17,1,8,1,0,1,0,82,0,3,204,207
321,"PUERTO PEÑASCO II   ","SAN LUIS RIO COLORADO",723,"BASICA",114,81,6,4,3,7,18,3,14,0,1,1,0,94,0,4,252,256
235,"PUERTO PEÑASCO II   ","SAN LUIS RIO COLORADO",724,"CONTIGUA 6",73,93,4,0,2,7,12,3,8,0,3,0,1,104,0,5,206,211
191,"PUERTO PEÑASCO II   ","SAN LUIS RIO COLORADO",729,"CONTIGUA 3",83,69,4,4,4,4,16,4,5,2,0,0,0,79,0,6,195,201
110,"PUERTO PEÑASCO II   ","SAN LUIS RIO COLORADO",661,"CONTIGUA 10",91,64,2,5,6,7,17,6,14,0,0,0,0,76,0,9,212,221
263,"PUERTO PEÑASCO II   ","PUERTO PEÑASCO",638,"CONTIGUA 1",197,150,5,2,4,7,4,0,1,0,2,0,0,161,0,6,372,378
76,"PUERTO PEÑASCO II   ","PUERTO PEÑASCO",635,"BASICA",142,150,5,3,3,3,7,3,4,2,4,0,0,162,0,4,326,330
310,"PUERTO PEÑASCO II   ","PUERTO PEÑASCO",632,"CONTIGUA 4",182,123,4,1,8,3,2,2,3,0,1,0,0,128,0,7,329,336
279,"PUERTO PEÑASCO II   ","SAN LUIS RIO COLORADO",724,"CONTIGUA 4",83,69,6,4,4,9,22,2,8,1,0,1,0,84,0,7,209,216
185,"PUERTO PEÑASCO II   ","SAN LUIS RIO COLORADO",724,"CONTIGUA 1",97,94,4,4,0,4,15,1,7,2,0,0,0,104,1,2,228,231
47,"PUERTO PEÑASCO II   ","PUERTO PEÑASCO",637,"BASICA",169,164,1,0,7,7,7,3,1,2,0,0,0,173,0,10,361,371
126,"SAN LUIS RIO COLORADO I    ","SAN LUIS RIO COLORADO",731,"BASICA",79,111,4,20,1,2,4,3,1,0,5,0,0,138,0,3,230,233
231,"SAN LUIS RIO COLORADO I    ","SAN LUIS RIO COLORADO",706,"BASICA",111,78,2,5,0,2,9,5,7,0,1,0,0,86,0,8,220,228
346,"SAN LUIS RIO COLORADO I    ","SAN LUIS RIO COLORADO",738,"BASICA",145,127,7,41,3,5,26,4,11,0,7,0,0,180,0,10,376,386
288,"SAN LUIS RIO COLORADO I    ","SAN LUIS RIO COLORADO",737,"EXTRAORDINARIA 1 CONTIGUA 1",134,128,7,13,3,3,23,3,7,0,0,0,0,144,0,5,321,326
23,"SAN LUIS RIO COLORADO I    ","SAN LUIS RIO COLORADO",667,"BASICA",135,84,9,4,0,3,15,0,8,0,4,0,0,95,0,7,262,269
152,"SAN LUIS RIO COLORADO I    ","SAN LUIS RIO COLORADO",666,"CONTIGUA 1",135,110,6,1,3,3,9,5,3,3,0,0,0,117,0,7,278,285
322,"SAN LUIS RIO COLORADO I    ","SAN LUIS RIO COLORADO",719,"CONTIGUA 1",102,81,6,0,2,0,12,2,8,0,0,0,0,81,0,6,213,219
209,"SAN LUIS RIO COLORADO I    ","SAN LUIS RIO COLORADO",717,"BASICA",96,54,5,5,0,4,16,3,6,0,1,0,0,64,0,2,190,192
201,"SAN LUIS RIO COLORADO I    ","SAN LUIS RIO COLORADO",707,"CONTIGUA 1",106,75,4,4,3,3,9,3,1,1,3,0,0,86,0,11,212,223
147,"SAN LUIS RIO COLORADO I    ","SAN LUIS RIO COLORADO",658,"BASICA",94,59,2,5,0,6,7,0,3,0,0,1,0,71,0,3,177,180
264,"SAN LUIS RIO COLORADO I    ","SAN LUIS RIO COLORADO",685,"CONTIGUA 1",156,82,4,6,1,5,11,4,7,0,4,0,0,97,0,9,280,289
186,"SAN LUIS RIO COLORADO I    ","SAN LUIS RIO COLORADO",727,"BASICA",125,67,2,14,5,1,23,6,5,0,0,0,0,82,0,11,248,259
320,"SAN LUIS RIO COLORADO I    ","SAN LUIS RIO COLORADO",700,"BASICA",78,72,1,6,2,2,8,2,5,1,4,0,0,85,0,1,181,182
64,"SAN LUIS RIO COLORADO I    ","SAN LUIS RIO COLORADO",738,"CONTIGUA 1",151,113,2,38,0,2,19,6,8,1,5,1,1,161,0,5,347,352
